Spotify FR;Rothen s'enflamme;Podcast;NULL;NULL;100;NULL;RMC;NULL;Livre;NULL
Spotify FR;Mishary Rashid Alafasy;Podcast;NULL;NULL;115;NULL;Muslim Central;NULL;Livre;NULL
Spotify FR;R;Podcast;NULL;NULL;2;NULL;Dz395;NULL;Livre;NULL
Spotify FR;The Joe Rogan Experience;Podcast;NULL;NULL;2511;NULL;Joe Rogan;NULL;18+;NULL
Spotify FR;ã±ã‚“ã±ã‹ã‚«ãƒ•ãƒRï¼ˆé’æ˜¥ç·¨ï¼‰;Podcast;NULL;NULL;41;NULL;interfm;NULL;Livre;NULL
Spotify FR;Abdur-Rahman as-Sudais;Podcast;NULL;NULL;115;NULL;Muslim Central;NULL;Livre;NULL
Spotify FR;å…¬å…±Rä¸å‹•ç”£ã®é ­ã®ä¸­;Podcast;NULL;NULL;66;NULL;å…¬å…±Rä¸å‹•ç”£;NULL;18+;NULL
Spotify FR;ç´”å–«èŒ¶ã€€ã‚ã­ã‚‚ã­R;Podcast;NULL;NULL;81;NULL;æ–‡åŒ–æ”¾é€PodcastQR;NULL;Livre;NULL
Spotify FR;Hondelatte Raconte - Christophe Hondelatte;Podcast;NULL;NULL;100;NULL;Europe 1;NULL;Livre;NULL
Spotify FR;R+;Podcast;NULL;NULL;825;NULL;R+ Media;NULL;Livre;NULL
Spotify FR;Franck Ferrand raconte...;Podcast;NULL;NULL;2000;NULL;Radio Classique;NULL;Livre;NULL
Spotify FR;Repost VidÃ©os Ytb Gaming Fr ;Podcast;NULL;NULL;456;NULL;Repost VidÃ©os Ytb Gaming Fr;NULL;Livre;NULL
Spotify FR;RåŒ…;Podcast;NULL;NULL;1;NULL;é™³åœ‹è±ª;NULL;Livre;NULL
Spotify FR;MÃ©ditation Relaxation Sommeil par Gaia Meditation;Podcast;NULL;NULL;40;NULL;Gaia Meditation - Les FrÃ¨res ClÃ©ment;NULL;Livre;NULL
Spotify FR;RMC Running;Podcast;NULL;NULL;100;NULL;RMC;NULL;Livre;NULL
Spotify FR;åœ°æ–¹Rå§¨ä¾¿åˆ©åº—;Podcast;NULL;NULL;48;NULL;LOCAL RE;NULL;18+;NULL
Spotify FR;Bruits Blancs pour se dÃ©tendre / White Noises to relax;Podcast;NULL;NULL;95;NULL;Romain MAURY;NULL;Livre;NULL
Spotify FR;Må­—é—²èŠ;Podcast;NULL;NULL;83;NULL;åº„å°¼èµ°è·¯;NULL;Livre;NULL
Spotify FR;Lâ€™Heure du Monde;Podcast;NULL;NULL;1015;NULL;Le Monde;NULL;Livre;NULL
Spotify FR;M ;Podcast;NULL;NULL;1;NULL;ğ•¸ğ–”ğ–—ğ–Šğ–“ğ–”_ğ–‰ğ–Šğ–‘ğ–†ğ–˜ğŸ¤·;NULL;Livre;NULL
Spotify FR;m;Podcast;NULL;NULL;3;NULL;13mberng;NULL;Livre;NULL
Spotify FR;Heure Miroir;Podcast;NULL;NULL;66;NULL;Marie Lopez;NULL;Livre;NULL
Spotify FR;Mè„«æ®¼;Podcast;NULL;NULL;76;NULL;ç¾…ä»™;NULL;Livre;NULL
Spotify FR;Je mÃ©dite tous les jours;Podcast;NULL;NULL;618;NULL;Harry;NULL;Livre;NULL
Spotify FR;Musique ;Podcast;NULL;NULL;1;NULL;QuentinLeGamerBG;NULL;Livre;NULL
Spotify FR;m$;Podcast;NULL;NULL;2;NULL;oscar;NULL;18+;NULL
Spotify FR;Montreux Comedy Edition Audio;Podcast;NULL;NULL;398;NULL;Montreux Comedy Festival;NULL;Livre;NULL
Spotify FR;æ±äº¬ã‚«ãƒªã€œç•ªé•·ã®MéŸ¿ã‚¢ãƒ¯ã€œ;Podcast;NULL;NULL;680;NULL;æ±äº¬ã‚«ãƒªã€œç•ªé•·;NULL;Livre;NULL
Spotify FR;RÃ‰ALIGNÃ‰ par Major Mouvement;Podcast;NULL;NULL;129;NULL;Major Mouvement;NULL;Livre;NULL
Spotify FR;Mille et une histoires;Podcast;NULL;NULL;103;NULL;Unique Heritage Media;NULL;Livre;NULL
Spotify FR;Bliss-Stories - MaternitÃ© sans filtre;Podcast;NULL;NULL;331;NULL;ClÃ©mentine Galey;NULL;Livre;NULL
Spotify FR;Dialogues par Fabrice Midal;Podcast;NULL;NULL;172;NULL;Fabrice Midal;NULL;Livre;NULL
Spotify FR;Super Moscato Show;Podcast;NULL;NULL;241;NULL;RMC;NULL;Livre;NULL
Spotify FR;Unchained sur Minecraft;Podcast;NULL;NULL;12;NULL;Unchained;NULL;Livre;NULL
Spotify FR;Encore une histoire;Podcast;NULL;NULL;437;NULL;Encore une histoire;NULL;18+;NULL
Spotify FR;Underscore_;Podcast;NULL;NULL;286;NULL;Micode;NULL;Livre;NULL
Spotify FR;Un podcast Ã  soi;Podcast;NULL;NULL;59;NULL;ARTE Radio;NULL;Livre;NULL
Spotify FR;Sip & Gossip;Podcast;NULL;NULL;18;NULL;Maghla;NULL;Livre;NULL
Spotify FR;U;Podcast;NULL;NULL;1;NULL;C;NULL;Livre;NULL
Spotify FR;La Bible en un an : le podcast chrÃ©tien;Podcast;NULL;NULL;349;NULL;FrÃ¨re Paul Adrien;NULL;Livre;NULL
Spotify FR;ä¸–æ–°å»£æ’­é›»è‡º / Uå•Šæ‚‰è€³ç‰¹;Podcast;NULL;NULL;53;NULL;ä¸–æ–°å»£æ’­é›»è‡º / æŸšå­Uå•Š;NULL;Livre;NULL
Spotify FR;Fifty States â€” un Podcast Quotidien;Podcast;NULL;NULL;77;NULL;Quotidien;NULL;Livre;NULL
Spotify FR;Raconte-moi une bÃªtise;Podcast;NULL;NULL;101;NULL;Initial Studio;NULL;Livre;NULL
Spotify FR;Hot Stories Sexe & sexualitÃ© sans filtre ğŸ”¥;Podcast;NULL;NULL;68;NULL;Bliss Studio;NULL;Livre;NULL
Spotify FR;Le Fab & Mymy Show;Podcast;NULL;NULL;257;NULL;Fabrice Florent & Mymy Haegel;NULL;Livre;NULL
Spotify FR;La Chute de Lapinville - Une fiction quotidienne;Podcast;NULL;NULL;300;NULL;ARTE Radio;NULL;Livre;NULL
Spotify FR;Dans la TÃªte d'un Coureur;Podcast;NULL;NULL;336;NULL;Sunday Night Productions;NULL;18+;NULL
Spotify FR;Propageons l'Amour - Hypnose & Voyages Oniriques;Podcast;NULL;NULL;91;NULL;Yahn-LoÃ¹ Renard;NULL;Livre;NULL
Spotify FR;Il Ã©tait une fois la Bible;Podcast;NULL;NULL;57;NULL;YouPray & Bibliapedia;NULL;Livre;NULL
Spotify FR;Mash-Ups Rap FR;Podcast;NULL;NULL;9;NULL;Eli92iXV2;NULL;18+;NULL
Spotify FR;Il Ã©tait une (premiÃ¨re) fois : le podcast d'histoires d'amour de ELLE;Podcast;NULL;NULL;56;NULL;ELLE;NULL;Livre;NULL
Spotify FR;Le Podkatz;Podcast;NULL;NULL;155;NULL;Juliette Katz;NULL;18+;NULL
Spotify FR;Histoires pour les Oreilles;Podcast;NULL;NULL;73;NULL;Histoires pour les Oreilles;NULL;Livre;NULL
Spotify FR;ã‚¢ãƒ«ã‚³&ãƒ”ãƒ¼ã‚¹ã®ã—ãã˜ã‚Šå­¦åœ’æ”¾é€å®¤P;Podcast;NULL;NULL;69;NULL;è´ããƒ†ãƒ¬æœ;NULL;18+;NULL
Spotify FR;Les podcasts d'Auden;Podcast;NULL;NULL;51;NULL;Les podcasts d'Auden;NULL;Livre;NULL
Spotify FR;p;Podcast;NULL;NULL;2;NULL;zin;NULL;Livre;NULL
Spotify FR;ç•°æ¥­ç¨®PãŸã¡ã®äººç”Ÿã‚¨ãƒ³ã‚¿ãƒ¡ä¼šè­°å®¤;Podcast;NULL;NULL;15;NULL;ç•°æ¥­ç¨®PãŸã¡ã®äººç”Ÿã‚¨ãƒ³ã‚¿ãƒ¡ä¼šè­°å®¤;NULL;Livre;NULL
Spotify FR;Les Pieds sur terre;Podcast;NULL;NULL;94;NULL;France Culture;NULL;Livre;NULL
Spotify FR;é˜¿PèŠéŸ³æ¨‚;Podcast;NULL;NULL;61;NULL;é˜¿PèŠéŸ³æ¨‚;NULL;Livre;NULL
Spotify FR;Les Pachas;Podcast;NULL;NULL;108;NULL;Mayadorable & Jules Pedretti;NULL;Livre;NULL
Spotify FR;";p";Podcast;NULL;NULL;2;NULL;tadunja;NULL;Livre;NULL
Spotify FR;2 Heures De Perdues;Podcast;NULL;NULL;345;NULL;2 Heures de Perdues;NULL;18+;NULL
Spotify FR;La Grimm AcadÃ©mie (Histoires pour enfants);Podcast;NULL;NULL;54;NULL;Guillaume Haubois & Studio Fantask;NULL;Livre;NULL
Spotify FR;Le PTIT BURO (Ã©mission RUGBY);Podcast;NULL;NULL;138;NULL;Le PTIT BURO;NULL;Livre;NULL
Spotify FR;Histoires Pour Enfants Avant de Dormir;Podcast;NULL;NULL;35;NULL;Histoire pour Enfants;NULL;Livre;NULL
Spotify FR;Passages;Podcast;NULL;NULL;168;NULL;Louie Media;NULL;Livre;NULL
Spotify FR;4 Quarts d'Heure;Podcast;NULL;NULL;240;NULL;4 quarts d'heure;NULL;18+;NULL
Spotify FR;Quelle Histoire PrÃ©sente;Podcast;NULL;NULL;46;NULL;Quelle Histoire;NULL;Livre;NULL
Spotify FR;Qå˜Ÿå­¸å°èª;Podcast;NULL;NULL;9;NULL;Yile Yien OhTÃ¢i-gÃ­;NULL;Livre;NULL
Spotify FR;Quran ;Podcast;NULL;NULL;310;NULL;vrssrs;NULL;Livre;NULL
Spotify FR;ãƒãƒ¼ãƒ“ãƒ¼ãƒ»éƒ¡å¸ã®æ·±å¤œæ•™å®¤Qçµ„;Podcast;NULL;NULL;13;NULL;æ·±å¤œæ•™å®¤Qçµ„;NULL;Livre;NULL
Spotify FR;qlf ;Podcast;NULL;NULL;31;NULL;ines ;NULL;Livre;NULL
Spotify FR;ãƒ©ã‚¸ã‚ª Qåˆç›®ä¼‘æ†©æ‰€;Podcast;NULL;NULL;255;NULL;èŠ±å±‹ãƒã‚¦ãƒ³ãƒ†ãƒ³/å–«èŒ¶ Qåˆç›®;NULL;Livre;NULL
Spotify FR;è»Ÿ Q ä¸­ç‚é™¢ é†¬å­å®ˆè­·åƒµåƒµå¥½;Podcast;NULL;NULL;12;NULL;åƒµç›´æ€§è„Šæ¤ç‚é—œæ‡·å”æœƒ;NULL;Livre;NULL
Spotify FR;æ”¾å±çš„é˜¿Q;Podcast;NULL;NULL;1;NULL;Minsung Choo;NULL;Livre;NULL
Spotify FR;Al-DaÊ¿wah al-SalafÄ«yyah Quran Ø§Ù„Ø¯Ø¹ÙˆØ© Ø§Ù„Ø³Ù„ÙÙŠØ© ;Podcast;NULL;NULL;1016;NULL;Al-DaÊ¿wah al-Salafiyyah Quran Ø§Ù„Ø¯Ø¹ÙˆØ© Ø§Ù„Ø³Ù„ÙÙŠØ©;NULL;18+;NULL
Spotify FR;ãƒ‹ãƒ¥ãƒ¼Q ãƒ©ã‚¸ã‚ª;Podcast;NULL;NULL;36;NULL;Koujiro Seo;NULL;Livre;NULL
Spotify FR;Qui a inventÃ© ?;Podcast;NULL;NULL;112;NULL;Qui a inventÃ© ?;NULL;Livre;NULL
Spotify FR;T'as qui en Histoire ?;Podcast;NULL;NULL;151;NULL;StÃ©phane GenÃªt;NULL;Livre;NULL
Spotify FR;Ã‡a dit quoi ?;Podcast;NULL;NULL;24;NULL;franceinfo;NULL;Livre;NULL
Spotify FR;Actif ou passif ? Le podcast qui libÃ¨re l'intime gay;Podcast;NULL;NULL;339;NULL;Guillaume Bonnet;NULL;18+;NULL
Spotify FR;Les Gens Qui Doutent;Podcast;NULL;NULL;116;NULL;Fanny Ruwet;NULL;Livre;NULL
Spotify FR;Ces questions que tout le monde se pose;Podcast;NULL;NULL;78;NULL;Maud Ankaoua;NULL;Livre;NULL
Spotify FR;Non Aprite Quella Podcast;Podcast;NULL;NULL;110;NULL;Non Aprite Quella Podcast;NULL;18+;NULL
Spotify FR;D;Podcast;NULL;NULL;4;NULL;duny;NULL;Livre;NULL
Spotify FR;:D;Podcast;NULL;NULL;1;NULL;The Grim Reaper;NULL;Livre;NULL
Spotify FR;La derniÃ¨re;Podcast;NULL;NULL;308;NULL;Radio Nova;NULL;Livre;NULL
Spotify FR;éµç‰›å©·å©·ã®Dæ§½;Podcast;NULL;NULL;2;NULL;éµç‰›å©·å©·Ironbulltingting;NULL;Livre;NULL
Spotify FR;Artis et Gousse d'ail;Podcast;NULL;NULL;80;NULL;Artis et Gousse d'ail;NULL;Livre;NULL
Spotify FR;Dæçš„è¨­è¨ˆç”Ÿæ´»è§€å¯Ÿ;Podcast;NULL;NULL;143;NULL;D æ;NULL;Livre;NULL
Spotify FR;Entrez dans l'Histoire;Podcast;NULL;NULL;101;NULL;RTL;NULL;Livre;NULL
Spotify FR;è‹±èªç™ºéŸ³å°‚é–€ãƒ‰ã‚¯ã‚¿ãƒ¼Dã‚¤ãƒ³ã‚°ãƒªãƒƒã‚·ãƒ¥;Podcast;NULL;NULL;335;NULL;ãƒ‰ã‚¯ã‚¿ãƒ¼ï¼¤ã‚¤ãƒ³ã‚°ãƒªãƒƒã‚·ãƒ¥;NULL;Livre;NULL
Spotify FR;Lecture du coran ;Podcast;NULL;NULL;28;NULL;Aelia Phosphore;NULL;18+;NULL
Spotify FR;Ğ§Ğ¸Ğ³Ğ¸ D Ğ¿Ğ¾Ğ´ĞºĞ°ÑÑ‚;Podcast;NULL;NULL;12;NULL;Ğ§Ğ¸Ğ³Ğ¸Ñ€Ğ¸Ğ½ÑĞºĞ¸Ğ¹ Ğ”Ğ¼Ğ¸Ñ‚Ñ€Ğ¸Ğ¹;NULL;Livre;NULL
Spotify FR;Journal de 08h00;Podcast;NULL;NULL;91;NULL;France Inter;NULL;Livre;NULL
Spotify FR;L'Heure Du Crime;Podcast;NULL;NULL;101;NULL;RTL;NULL;Livre;NULL
Spotify FR;C dans l'air;Podcast;NULL;NULL;371;NULL;France TÃ©lÃ©visions;NULL;Livre;NULL
Spotify FR;L'humour d'Inter;Podcast;NULL;NULL;260;NULL;France Inter;NULL;Livre;NULL
Spotify FR;L'Å“il de Philippe CaveriviÃ¨re;Podcast;NULL;NULL;101;NULL;RTL;NULL;Livre;NULL
Spotify FR;HugoDÃ©crypte - Actus et interviews;Podcast;NULL;NULL;1184;NULL;Hugo DÃ©crypte;NULL;Livre;NULL
Spotify FR;Hot Girls Only;Podcast;NULL;NULL;49;NULL;Chloe Gervais;NULL;18+;NULL
Spotify FR;Hypnarium;Podcast;NULL;NULL;115;NULL;Hypnarium;NULL;Livre;NULL
Spotify FR;The Rest Is History;Podcast;NULL;NULL;594;NULL;Goalhanger;NULL;18+;NULL
Spotify FR;HVF - Histoires Vraies et Flippantes;Podcast;NULL;NULL;131;NULL;McSkyz;NULL;Livre;NULL
Spotify FR;H;Podcast;NULL;NULL;3;NULL;H;NULL;Livre;NULL
Spotify FR;Huberman Lab;Podcast;NULL;NULL;307;NULL;Scicomm Media;NULL;18+;NULL
Spotify FR;h.;Podcast;NULL;NULL;2;NULL;x.;NULL;Livre;NULL
Spotify FR;Secrets d'Histoire;Podcast;NULL;NULL;231;NULL;Initial Studio / France TÃ©lÃ©visions;NULL;Livre;NULL
Spotify FR;Hè˜ãƒãƒ£ãƒ³ãƒãƒ«;Podcast;NULL;NULL;875;NULL;Hè˜Hè˜Hè˜;NULL;Livre;NULL
Spotify FR;ã¿ã‚“ãªã®NéŸ¿ã‚¢ãƒ¯ãƒ¼;Podcast;NULL;NULL;8;NULL;NHKäº¤éŸ¿æ¥½å›£;NULL;Livre;NULL
Spotify FR;Global News Podcast;Podcast;NULL;NULL;244;NULL;BBC World Service;NULL;18+;NULL
Spotify FR;Nç†ç”±;Podcast;NULL;NULL;3;NULL;å°åˆ;NULL;Livre;NULL
Spotify FR;ìŠ¬ê¸°ë¡œìš´ Nì¡ ìƒí™œ;Podcast;NULL;NULL;43;NULL;ì •ì˜ì„;NULL;Livre;NULL
Spotify FR;Sons apaisants | by Relaxing White Noise;Podcast;NULL;NULL;328;NULL;Sons apaisants pour dormir Ã©tudier ou calmer un bÃ©bÃ© | by Relaxing White Noise;NULL;Livre;NULL
Spotify FR;Relaxing White Noise;Podcast;NULL;NULL;1055;NULL;Relaxing White Noise LLC;NULL;Livre;NULL
Spotify FR;Podcast et MÃ©ditations par Nathalie LAURENCE;Podcast;NULL;NULL;102;NULL;Les podcasts de Nathalie LAURENCE;NULL;Livre;NULL
Spotify FR;Up First from NPR;Podcast;NULL;NULL;500;NULL;NPR;NULL;Livre;NULL
Spotify FR;Zack en Roue Libre by Zack Nani;Podcast;NULL;NULL;157;NULL;Zack Nani;NULL;Livre;NULL
Spotify FR;Nota Bene;Podcast;NULL;NULL;421;NULL;Benjamin Brillaud;NULL;Livre;NULL
Spotify FR;Camille Combal sur NRJ;Podcast;NULL;NULL;400;NULL;NRJ France;NULL;Livre;NULL
Spotify FR;Le nouveau dÃ©tective / Dans les coulisses du crime;Podcast;NULL;NULL;460;NULL;Editions Nuit et Jour & Engle;NULL;18+;NULL
Spotify FR;Psychologie et Bien-Ãªtre |Le podcast de Psychologue.net;Podcast;NULL;NULL;233;NULL;Psychologue;NULL;Livre;NULL
Spotify FR;Vivons heureux avant la fin du monde : des idÃ©es pour repenser nos modÃ¨les de sociÃ©tÃ©;Podcast;NULL;NULL;35;NULL;ARTE Radio;NULL;Livre;NULL
Spotify FR;Nader Abou Anas;Podcast;NULL;NULL;566;NULL;Nader Abou Anas;NULL;18+;NULL
Spotify FR;White Noise and Sleep Sounds (12 Hours);Podcast;NULL;NULL;114;NULL;White Noise and Sleep Sounds (12 Hours) to Sleep | Study | Relax | Soothe a Baby;NULL;18+;NULL
Spotify FR;Parlons-nous;Podcast;NULL;NULL;101;NULL;RTL;NULL;Livre;NULL
Spotify FR;Noholito;Podcast;NULL;NULL;78;NULL;Noholito;NULL;Livre;NULL
Spotify FR;GÃ©nÃ©ration Do It Yourself;Podcast;NULL;NULL;835;NULL;Matthieu Stefani | Orso Media;NULL;18+;NULL
Spotify FR;è¡ŒéŠ·è€å¸«G;Podcast;NULL;NULL;28;NULL;Marketing Insider;NULL;Livre;NULL
Spotify FR;Les Grosses TÃªtes;Podcast;NULL;NULL;101;NULL;RTL;NULL;Livre;NULL
Spotify FR;g;Podcast;NULL;NULL;1;NULL;Volar you. You;NULL;Livre;NULL
Spotify FR;Ä;Podcast;NULL;NULL;1;NULL;OÄŸuzkaan YILMAZ;NULL;Livre;NULL
Spotify FR;Gãƒ‘ãƒ³ãƒ‘ãƒ³ãƒ€æ˜Ÿé‡ã®ã‚µã‚·é£²ã¿ãƒ©ã‚¸ã‚ª;Podcast;NULL;NULL;455;NULL;Gãƒ‘ãƒ³ãƒ‘ãƒ³ãƒ€æ˜Ÿé‡;NULL;Livre;NULL
Spotify FR;Fin Du Game;Podcast;NULL;NULL;154;NULL;Fin Du Game;NULL;Livre;NULL
Spotify FR;äººç”Ÿç‚¸gåº—;Podcast;NULL;NULL;91;NULL;åº—é•·rwii;NULL;Livre;NULL
Spotify FR;Gì‹ì±„ë„;Podcast;NULL;NULL;248;NULL;ê·¸ë¦°í”¼ìŠ¤ ì„œìš¸ì‚¬ë¬´ì†Œ;NULL;Livre;NULL
Spotify FR;Greg Guillotin;Podcast;NULL;NULL;9;NULL;Greg Guillotin;NULL;Livre;NULL
Spotify FR;Les 30 Glorieuses;Podcast;NULL;NULL;1132;NULL;Les 30 Glorieuses;NULL;18+;NULL
Spotify FR;Les Grandes Gueules;Podcast;NULL;NULL;216;NULL;RMC;NULL;Livre;NULL
Spotify FR;La grande histoire de Pomme d'Api;Podcast;NULL;NULL;202;NULL;La grande histoire de Pomme d'Api;NULL;Livre;NULL
Spotify FR;G29 - Papel;Podcast;NULL;NULL;1;NULL;Hugo;NULL;18+;NULL
Spotify FR;LEGEND;Podcast;NULL;NULL;415;NULL;Guillaume Pley;NULL;Livre;NULL
Spotify FR;â¤ï¸ğŸ’„lğŸ’„ â¤ï¸;Podcast;NULL;NULL;5;NULL;aditi;NULL;Livre;NULL
Spotify FR;L'After Foot;Podcast;NULL;NULL;511;NULL;RMC;NULL;Livre;NULL
Spotify FR;L;Podcast;NULL;NULL;5;NULL;Xzqu;NULL;18+;NULL
Spotify FR;l';Podcast;NULL;NULL;5;NULL;l';NULL;18+;NULL
Spotify FR;L-+;Podcast;NULL;NULL;1;NULL;Cjid Vfl z;NULL;Livre;NULL
Spotify FR;Logfive;Podcast;NULL;NULL;66;NULL;Logfive;NULL;Livre;NULL
Spotify FR;Lï¼·æ•…äº‹ç¹ªæœ¬å±‹;Podcast;NULL;NULL;25;NULL;Lily Lin;NULL;Livre;NULL
Spotify FR;Weekly Motivation by Ben Lionel Scott;Podcast;NULL;NULL;528;NULL;Ben Lionel Scott;NULL;18+;NULL
Spotify FR;Liv;Podcast;NULL;NULL;61;NULL;Liv;NULL;Livre;NULL
Spotify FR;Les aventures de Toudou;Podcast;NULL;NULL;90;NULL;France Inter;NULL;Livre;NULL
