Spotify;Huberman Lab;Podcast;NULL;NULL;307;NULL;Scicomm Media;NULL;18+;NULL
Spotify;H;Podcast;NULL;NULL;3;NULL;H;NULL;Livre;NULL
Spotify;The Rest Is History;Podcast;NULL;NULL;594;NULL;Goalhanger;NULL;18+;NULL
Spotify;White Noise and Sleep Sounds (12 Hours);Podcast;NULL;NULL;114;NULL;White Noise and Sleep Sounds (12 Hours) to Sleep | Study | Relax | Soothe a Baby;NULL;18+;NULL
Spotify;8 Hour Sleep Music;Podcast;NULL;NULL;342;NULL;8 Hour Sleep Music;NULL;Livre;NULL
Spotify;Zane and Heath: Unfiltered;Podcast;NULL;NULL;286;NULL;Zane & Heath;NULL;18+;NULL
Spotify;h.;Podcast;NULL;NULL;2;NULL;x.;NULL;Livre;NULL
Spotify;Honeybee Bedtime Stories;Podcast;NULL;NULL;234;NULL;Mrs. Honeybee & Friends;NULL;Livre;NULL
Spotify;ä½œå®¶Hçš„ç¬¬å…«ç¨®è²éŸ³;Podcast;NULL;NULL;141;NULL;ä½œå®¶H;NULL;Livre;NULL
Spotify;My Favorite Murder with Karen Kilgariff and Georgia Hardstark;Podcast;NULL;NULL;1008;NULL;Exactly Right and iHeartPodcasts;NULL;18+;NULL
Spotify;Two Hot Takes;Podcast;NULL;NULL;227;NULL;Two Hot Takes;NULL;18+;NULL
Spotify;The Dr. Hyman Show;Podcast;NULL;NULL;1038;NULL;Dr. Mark Hyman;NULL;Livre;NULL
Spotify;Guided Sleep Meditation & Sleep Hypnosis from Sleep Cove;Podcast;NULL;NULL;408;NULL;Sleep Hypnosis Meditations and Bedtime Stories;NULL;Livre;NULL
Spotify;Hè˜ãƒãƒ£ãƒ³ãƒãƒ«;Podcast;NULL;NULL;875;NULL;Hè˜Hè˜Hè˜;NULL;Livre;NULL
Spotify;The Joe Rogan Experience;Podcast;NULL;NULL;2511;NULL;Joe Rogan;NULL;18+;NULL
Spotify;This Past Weekend w/ Theo Von;Podcast;NULL;NULL;482;NULL;Theo Von;NULL;18+;NULL
Spotify;The Daily;Podcast;NULL;NULL;2518;NULL;The New York Times;NULL;Livre;NULL
Spotify;T;Podcast;NULL;NULL;1;NULL;T.baby127;NULL;Livre;NULL
Spotify;The Official Podcast;Podcast;NULL;NULL;440;NULL;The Official Podcast;NULL;18+;NULL
Spotify;~âœ°Tâœ°~;Podcast;NULL;NULL;16;NULL;theweirdestone12344;NULL;18+;NULL
Spotify;The Tim Dillon Show;Podcast;NULL;NULL;304;NULL;The Tim Dillon Show;NULL;18+;NULL
Spotify;T$;Podcast;NULL;NULL;2;NULL;T$;NULL;18+;NULL
Spotify;Last Podcast On The Left;Podcast;NULL;NULL;1052;NULL;The Last Podcast Network;NULL;18+;NULL
Spotify;The Journal.;Podcast;NULL;NULL;1513;NULL;The Wall Street Journal;NULL;Livre;NULL
Spotify;×‘×¨×™××•-T;Podcast;NULL;NULL;6;NULL;Amir Gilboa;NULL;Livre;NULL
Spotify;Your Mom's House with Christina P. and Tom Segura;Podcast;NULL;NULL;781;NULL;Tom Segura;NULL;18+;NULL
Spotify;Trash Taste Podcast;Podcast;NULL;NULL;260;NULL;Trash Taste Podcast;NULL;Livre;NULL
Spotify;Tå…ˆç”Ÿ | ä½ çš„ç‡Ÿé¤Šå­¸å®¶;Podcast;NULL;NULL;9;NULL;Tå…ˆç”Ÿ | ä½ çš„ç‡Ÿé¤Šå­¸å®¶;NULL;Livre;NULL
Spotify;The Tucker Carlson Show;Podcast;NULL;NULL;233;NULL;Tucker Carlson Network;NULL;Livre;NULL
Spotify;Call Her Daddy;Podcast;NULL;NULL;476;NULL;Alex Cooper;NULL;18+;NULL
Spotify;Crime Junkie;Podcast;NULL;NULL;463;NULL;audiochuck;NULL;18+;NULL
Spotify;Conan Oâ€™Brien Needs A Friend;Podcast;NULL;NULL;592;NULL;Team Coco & Earwolf;NULL;18+;NULL
Spotify;Candace;Podcast;NULL;NULL;219;NULL;Candace Owens;NULL;Livre;NULL
Spotify;The Charlie Kirk Show;Podcast;NULL;NULL;100;NULL;Charlie Kirk;NULL;Livre;NULL
Spotify;å¤§è©±æ­·å²ä¸¨ç²µèªä¸¨æš´èµ°çš„é™³è€Cä¸¨å»£æ±è©±;Podcast;NULL;NULL;643;NULL;æš´èµ°çš„é™³è€C;NULL;Livre;NULL
Spotify;Conspiracy Theories;Podcast;NULL;NULL;519;NULL;Spotify Studios;NULL;Livre;NULL
Spotify;å¤§è©±å¿ƒç†ä¸¨ç²µèªä¸¨æš´èµ°çš„é™³è€Cä¸¨å»£æ±è©±;Podcast;NULL;NULL;759;NULL;æš´èµ°çš„é™³è€C;NULL;Livre;NULL
Spotify;anything goes with emma chamberlain;Podcast;NULL;NULL;375;NULL;emma chamberlain;NULL;18+;NULL
Spotify;æ”¶å¸‚é–’æƒ…åƒé ŒC;Podcast;NULL;NULL;29;NULL;åƒé ŒC;NULL;Livre;NULL
Spotify;è¼•é¬†è¬›è¬›æ•…ä¸¨ç²µèªä¸¨æš´èµ°çš„é™³è€Cä¸¨å»£æ±è©±;Podcast;NULL;NULL;2000;NULL;æš´èµ°çš„é™³è€C;NULL;Livre;NULL
Spotify;å–‹ã‚‹ã‚ºã€Œãƒªãƒªãƒ¼ãƒ»å¶‹ä½ã®ã‚½ãƒ—ãƒ©ãƒCã€;Podcast;NULL;NULL;21;NULL;TOKYO FM;NULL;Livre;NULL
Spotify;é¬¼åŒä½ è¬›å¤ä¸¨ç²µèªä¸¨æš´èµ°çš„é™³è€Cä¸¨å»£æ±è©±;Podcast;NULL;NULL;259;NULL;æš´èµ°çš„é™³è€C;NULL;Livre;NULL
Spotify;All-In with Chamath Jason Sacks & Friedberg;Podcast;NULL;NULL;263;NULL;All-In Podcast LLC;NULL;18+;NULL
Spotify;å¤§è©±ç¥è©±ä¸¨ç²µèªä¸¨æš´èµ°çš„é™³è€Cä¸¨å»£æ±è©±;Podcast;NULL;NULL;93;NULL;æš´èµ°çš„é™³è€C;NULL;Livre;NULL
Spotify;Timesuck with Dan Cummins;Podcast;NULL;NULL;518;NULL;Dan Cummins;NULL;18+;NULL
Spotify;ç™‚æ„ˆåŸç”Ÿå®¶åº­ä¸¨ç²µèªä¸¨æš´èµ°çš„é™³è€Cä¸¨å»£æ±è©±;Podcast;NULL;NULL;22;NULL;æš´èµ°çš„é™³è€C;NULL;Livre;NULL
Spotify;å¤§è©±æ—¥æœ¬ä¸¨ç²µèªä¸¨æš´èµ°çš„é™³è€Cä¸¨å»£æ±è©±;Podcast;NULL;NULL;20;NULL;æš´èµ°çš„é™³è€C;NULL;Livre;NULL
Spotify;The Ezra Klein Show;Podcast;NULL;NULL;423;NULL;New York Times Opinion;NULL;18+;NULL
Spotify;ç»´ç”Ÿç´ E|ç»æµå­¦ä¸å“²å­¦çŸ¥è¯†åˆ†äº«;Podcast;NULL;NULL;146;NULL;ç»´ç”Ÿç´ EçŸ¥è¯†åˆ†äº«;NULL;Livre;NULL
Spotify;Your World Within Podcast by Eddie Pinero;Podcast;NULL;NULL;896;NULL;Eddie Pinero;NULL;Livre;NULL
Spotify;E;Podcast;NULL;NULL;2;NULL;Sci;NULL;Livre;NULL
Spotify;Armchair Expert with Dax Shepard;Podcast;NULL;NULL;887;NULL;Armchair Umbrella;NULL;18+;NULL
Spotify;è‹±è¯­Eåˆ†é’Ÿ;Podcast;NULL;NULL;199;NULL;China Plus;NULL;Livre;NULL
Spotify;The Unplanned Podcast with Matt & Abby;Podcast;NULL;NULL;122;NULL;Matt & Abby;NULL;Livre;NULL
Spotify;å¾®å›é€†Ãªå‰¯é§•;Podcast;NULL;NULL;155;NULL;æ‘³å°¼;NULL;18+;NULL
Spotify;Today Explained;Podcast;NULL;NULL;1850;NULL;Vox;NULL;18+;NULL
Spotify;Erazno y La Chokolata El Podcast;Podcast;NULL;NULL;1947;NULL;El Podcast Mas Chido;NULL;18+;NULL
Spotify;ç‰½å›¡ä»” Ãª æ‰‹ï¼Œä¾†è½å›¡ä»”å¤;Podcast;NULL;NULL;142;NULL;ç‰½å›¡ä»” Ãª æ‰‹è¡Œå°èª Ãª è·¯;NULL;Livre;NULL
Spotify;Cancelled with Tana Mongeau & Brooke Schofield;Podcast;NULL;NULL;124;NULL;Cancelled & Audioboom Studios;NULL;18+;NULL
Spotify;è‡ºç£è©± Ãª ç°¿ä»”ç´™;Podcast;NULL;NULL;12;NULL;è¨±å›è±ª;NULL;Livre;NULL
Spotify;Off Menu with Ed Gamble and James Acaster;Podcast;NULL;NULL;334;NULL;Plosive;NULL;18+;NULL
Spotify;Andrew Schulz's Flagrant with Akaash Singh;Podcast;NULL;NULL;535;NULL;Andrew Schulz's Flagrant with Akaash Singh;NULL;18+;NULL
Spotify;REAL AF with Andy Frisella;Podcast;NULL;NULL;1212;NULL;Andy Frisella;NULL;18+;NULL
Spotify;Dungeons and Daddies;Podcast;NULL;NULL;173;NULL;Dungeons and Daddies;NULL;18+;NULL
Spotify;a;Podcast;NULL;NULL;1;NULL;austinn;NULL;18+;NULL
Spotify;Sword and Scale;Podcast;NULL;NULL;66;NULL;Sword and Scale;NULL;Livre;NULL
Spotify;The Dollop with Dave Anthony and Gareth Reynolds;Podcast;NULL;NULL;811;NULL;All Things Comedy;NULL;18+;NULL
Spotify;AÏ‡Î¹Î»Î»Î¯Î¿Ï… Î¦Ï‰Î½Î®;Podcast;NULL;NULL;1000;NULL;ELPIS'S RADIO;NULL;Livre;NULL
Spotify;Ologies with Alie Ward;Podcast;NULL;NULL;453;NULL;Alie Ward;NULL;18+;NULL
Spotify;Matt and Shane's Secret Podcast;Podcast;NULL;NULL;310;NULL;Matt McCusker & Shane Gillis;NULL;18+;NULL
Spotify;The Bible in a Year (with Fr. Mike Schmitz);Podcast;NULL;NULL;1320;NULL;Ascension;NULL;Livre;NULL
Spotify;Wait Wait... Don't Tell Me!;Podcast;NULL;NULL;300;NULL;NPR;NULL;Livre;NULL
Spotify;Modern Wisdom;Podcast;NULL;NULL;949;NULL;Chris Williamson;NULL;18+;NULL
Spotify;W;Podcast;NULL;NULL;5;NULL;Jaedo ;NULL;18+;NULL
Spotify;The Matt Walsh Show;Podcast;NULL;NULL;1939;NULL;The Daily Wire;NULL;Livre;NULL
Spotify;W è·Ÿè‡ªå·±èªªè©±;Podcast;NULL;NULL;219;NULL;WEI;NULL;Livre;NULL
Spotify;Relaxing White Noise;Podcast;NULL;NULL;1055;NULL;Relaxing White Noise LLC;NULL;Livre;NULL
Spotify;Ray William Johnson: True Story Podcast ;Podcast;NULL;NULL;290;NULL;Ray William Johnson;NULL;Livre;NULL
Spotify;WãŠèª¿å­(è¶…)ã‚ªã‚«ãƒ«ãƒˆç ”ç©¶éšŠâ›‘;Podcast;NULL;NULL;224;NULL;MCã¿ã®ã‚‹ï¼†ä»£è¡¨ãŠãƒ¼ã—;NULL;Livre;NULL
Spotify;ã‚Šã‚€ã‚‹ã®ãƒœãƒ¼ãƒ‰ã‚²ãƒ¼ãƒ æ—¥è¨˜w;Podcast;NULL;NULL;154;NULL;æå¤¢ç‰;NULL;Livre;NULL
Spotify;The Dan Le Batard Show with Stugotz;Podcast;NULL;NULL;350;NULL;Dan Le Batard Stugotz;NULL;18+;NULL
Spotify;Wç±ƒçƒæ’­å®¢;Podcast;NULL;NULL;21;NULL;Wç±ƒçƒæ’­å®¢;NULL;Livre;NULL
Spotify;IMO with Michelle Obama and Craig Robinson;Podcast;NULL;NULL;41;NULL;Higher Ground;NULL;18+;NULL
Spotify;Î¡Î±Î´Î¹oÏ†Ï‰Î½Î¹ÎºÏŒ Î¸Î­Î±Ï„ÏÎ¿;Podcast;NULL;NULL;33;NULL;Î‘Î¸Î±Î½Î¬ÏƒÎ¹Î¿Ï‚ ÏƒÏ€Ï…ÏÎ¹Î´Ï‰Î½;NULL;Livre;NULL
Spotify;:O;Podcast;NULL;NULL;1;NULL;Pepsi H8R;NULL;Livre;NULL
Spotify;O;Podcast;NULL;NULL;1;NULL;Bryan De JesÃºs Reyes Labastida;NULL;Livre;NULL
Spotify;Joel Osteen Podcast;Podcast;NULL;NULL;2060;NULL;Joel Osteen SiriusXM;NULL;Livre;NULL
Spotify; o;Podcast;NULL;NULL;1;NULL;rochel;NULL;Livre;NULL
Spotify;ĞĞºĞ¾Ğ»Ğ¾ ĞºÑŠĞ»Ğ±Ğ¾Ñ‚o;Podcast;NULL;NULL;8;NULL;ĞĞºĞ¾Ğ»Ğ¾ ĞºÑŠĞ»Ğ±Ğ¾Ñ‚Ğ¾;NULL;Livre;NULL
Spotify;The Diary Of A CEO with Steven Bartlett;Podcast;NULL;NULL;682;NULL;FlightStory;NULL;Livre;NULL
Spotify;The Why Files: Operation Podcast;Podcast;NULL;NULL;214;NULL;The Why Files: Operation Podcast;NULL;Livre;NULL
Spotify;OĞºÑƒĞ¹Ğ°Ğ±Ğ¸Ğ»Ğ¸Ñ‚Ğ¸;Podcast;NULL;NULL;1;NULL;Baiaman Bazarbaev;NULL;Livre;NULL
Spotify;x;Podcast;NULL;NULL;20;NULL;osamason larp;NULL;18+;NULL
Spotify;93X Half-Assed Morning Show;Podcast;NULL;NULL;100;NULL;93X | Cumulus Media Minneapolis | KXXR-FM;NULL;Livre;NULL
Spotify;Xèª¿æŸ¥;Podcast;NULL;NULL;126;NULL;Xèª¿æŸ¥;NULL;18+;NULL
Spotify;RSK XFM;Podcast;NULL;NULL;149;NULL;Pilky01;NULL;Livre;NULL
Spotify;RSK XFM Remastered;Podcast;NULL;NULL;257;NULL;RSK XFM Remastered;NULL;18+;NULL
Spotify;é—œéŸ¶æ–‡é—œé—œxä¸˜æ›„ã€è² èƒ½é‡é€±è¨˜ã€‘;Podcast;NULL;NULL;248;NULL;é—œéŸ¶æ–‡ã€ä¸˜æ›„;NULL;Livre;NULL
Spotify;Xlistener;Podcast;NULL;NULL;30;NULL;Xlistener podcast;NULL;Livre;NULL
Spotify;é–¨å±¬æ„Ÿï½œå®‡å®™ æ—æ€å®‡ x ç¨‹äºˆå¸Œ;Podcast;NULL;NULL;116;NULL;ç¨‹äºˆå¸Œ x å®‡å®™ æ—æ€å®‡;NULL;Livre;NULL
Spotify;é«˜å¹´ç´šä¸æ‰“çƒŠ x ä¸­å¹´ä¾†ä½œä¼™;Podcast;NULL;NULL;224;NULL; 104é«˜å¹´ç´š;NULL;Livre;NULL
Spotify;MonÃ©t Talks with MonÃ©t X Change;Podcast;NULL;NULL;37;NULL;MonÃ©t X Change & Studio71;NULL;18+;NULL
Spotify;X ;Podcast;NULL;NULL;1;NULL;Kike;NULL;Livre;NULL
Spotify;XXXTENTACION music;Podcast;NULL;NULL;1;NULL;Unreleased;NULL;Livre;NULL
Spotify;á´›xá´›;Podcast;NULL;NULL;1;NULL;Miris;NULL;Livre;NULL
Spotify;Anime X Listener ;Podcast;NULL;NULL;15;NULL;Zoie goossens;NULL;18+;NULL
Spotify;æ³•å­¸å«ç¸çš„Xè©±ç¾¤çµ„;Podcast;NULL;NULL;216;NULL;é„‰ä¸‹å«ç¸ã€æ°´æŸã€æ±æµ·ç‹ã€æˆåŠŸå–¬;NULL;Livre;NULL
Spotify;Takeoff: A Points and Miles Podcast by 10xTravel;Podcast;NULL;NULL;53;NULL;10xTravel;NULL;Livre;NULL
Spotify;é†«ç›´ç¾éº—Xé†«ç¾åœˆåœˆ;Podcast;NULL;NULL;196;NULL;äº¬ç¡¯è¨ºæ‰€;NULL;Livre;NULL
Spotify;X-Rated Vibes And Curves: Late Night Special;Podcast;NULL;NULL;43;NULL;Pretty Girls Here;NULL;18+;NULL
Spotify;è˜‡çµ¢æ…§Xæˆ‘å€‘å’Œæˆ‘é—œä¿‚åˆä½œç¤¾;Podcast;NULL;NULL;22;NULL;ç’æˆå¿ƒç†å­¸å ‚;NULL;Livre;NULL
Spotify;Distractible;Podcast;NULL;NULL;341;NULL;Distractible;NULL;18+;NULL
Spotify;Scared To Death;Podcast;NULL;NULL;337;NULL;Dan Cummins Lynze Cummins;NULL;18+;NULL
Spotify;Dateline NBC;Podcast;NULL;NULL;638;NULL;NBC News;NULL;18+;NULL
Spotify;D;Podcast;NULL;NULL;4;NULL;duny;NULL;Livre;NULL
Spotify;è‹±èªç™ºéŸ³å°‚é–€ãƒ‰ã‚¯ã‚¿ãƒ¼Dã‚¤ãƒ³ã‚°ãƒªãƒƒã‚·ãƒ¥;Podcast;NULL;NULL;335;NULL;ãƒ‰ã‚¯ã‚¿ãƒ¼ï¼¤ã‚¤ãƒ³ã‚°ãƒªãƒƒã‚·ãƒ¥;NULL;Livre;NULL
Spotify;:D;Podcast;NULL;NULL;1;NULL;The Grim Reaper;NULL;Livre;NULL
Spotify;The Dan Patrick Show;Podcast;NULL;NULL;5827;NULL;iHeartPodcasts and Dan Patrick Podcast Network;NULL;18+;NULL
Spotify;éµç‰›å©·å©·ã®Dæ§½;Podcast;NULL;NULL;2;NULL;éµç‰›å©·å©·Ironbulltingting;NULL;Livre;NULL
Spotify;Dhar Mann;Podcast;NULL;NULL;208;NULL;Dhar Mann;NULL;Livre;NULL
Spotify;The Dale Jr. Download;Podcast;NULL;NULL;758;NULL;Dirty Mo Media SiriusXM;NULL;18+;NULL
Spotify;Brooke and Jeffrey: Second Date Update;Podcast;NULL;NULL;1807;NULL;iHeartPodcasts;NULL;Livre;NULL
Spotify;Dç­ç¾¤çš„ç¬¬å…«ç¯€;Podcast;NULL;NULL;6;NULL;Charles&Kevin;NULL;Livre;NULL
Spotify;â¤ï¸ğŸ’„lğŸ’„ â¤ï¸;Podcast;NULL;NULL;5;NULL;aditi;NULL;Livre;NULL
Spotify;L;Podcast;NULL;NULL;5;NULL;Xzqu;NULL;18+;NULL
Spotify;Lex Fridman Podcast;Podcast;NULL;NULL;472;NULL;Lex Fridman;NULL;Livre;NULL
Spotify; L;Podcast;NULL;NULL;2;NULL; I;NULL;18+;NULL
Spotify;Weekly Motivation by Ben Lionel Scott;Podcast;NULL;NULL;528;NULL;Ben Lionel Scott;NULL;18+;NULL
Spotify;Lï¼·æ•…äº‹ç¹ªæœ¬å±‹;Podcast;NULL;NULL;25;NULL;Lily Lin;NULL;Livre;NULL
Spotify;ãƒãƒ£ãƒƒãƒˆã‚¹ãƒ†ãƒ¼ã‚·ãƒ§ãƒ³L;Podcast;NULL;NULL;90;NULL;ã€å…¬å¼ã€‘ãƒ©ã‚¸ã‚ªæ²–ç¸„;NULL;Livre;NULL
Spotify;Ear Biscuits with Rhett & Link;Podcast;NULL;NULL;495;NULL;Mythical;NULL;Livre;NULL
Spotify;The Genius Life;Podcast;NULL;NULL;493;NULL;Max Lugavere;NULL;18+;NULL
Spotify;Let's Find Out;Podcast;NULL;NULL;130;NULL;Let's Find Out;NULL;Livre;NULL
Spotify;La Cotorrisa;Podcast;NULL;NULL;619;NULL;La Cotorrisa Podcast;NULL;18+;NULL
Spotify;This American Life;Podcast;NULL;NULL;11;NULL;This American Life;NULL;Livre;NULL
